ID,Traffico,no_existing_chg,centroid_x,centroid_y,Colore
0,0.0,0,5.07,52.05,lightcyan
1,0.0,0,5.071732050807569,52.053,lightcyan
2,0.0,0,5.07,52.056,lightcyan
3,0.0,0,5.071732050807569,52.059,lightcyan
4,0.0,0,5.07,52.062,lightcyan
5,0.0,0,5.071732050807569,52.065,lightcyan
6,0.0,0,5.07,52.068,lightcyan
7,0.0,0,5.071732050807569,52.071,lightcyan
8,0.0,0,5.07,52.074,lightcyan
9,244.6645833333333,0,5.071732050807569,52.077,lightskyblue
10,407.7743055555555,0,5.07,52.08,lightskyblue
11,244.6645833333333,0,5.071732050807569,52.083,lightskyblue
12,0.0,0,5.07,52.086,lightcyan
13,0.0,0,5.071732050807569,52.089,lightcyan
14,0.0,0,5.07,52.092,lightcyan
15,0.0,0,5.071732050807569,52.095,lightcyan
16,0.0,0,5.07,52.098,lightcyan
17,0.0,0,5.071732050807569,52.101,lightcyan
18,0.0,0,5.07,52.104,lightcyan
19,0.0,0,5.071732050807569,52.107,lightcyan
20,0.0,0,5.07,52.11,lightcyan
21,0.0,0,5.071732050807569,52.113,lightcyan
22,0.0,0,5.07,52.116,lightcyan
23,0.0,0,5.071732050807569,52.119,lightcyan
24,0.0,0,5.073464101615138,52.05,lightcyan
25,0.0,0,5.0751961524227065,52.053,lightcyan
26,0.0,0,5.073464101615138,52.056,lightcyan
27,0.0,0,5.0751961524227065,52.059,lightcyan
28,0.0,0,5.073464101615138,52.062,lightcyan
29,0.0,0,5.0751961524227065,52.065,lightcyan
30,0.0,0,5.073464101615138,52.068,lightcyan
31,133.77188328912467,0,5.0751961524227065,52.071,lightskyblue
32,27.580901856763926,0,5.073464101615138,52.074,lightskyblue
33,818.6246873991962,0,5.0751961524227065,52.077,lightskyblue
34,1223.3229166666665,0,5.073464101615138,52.08,deepskyblue
35,791.0437855424321,0,5.0751961524227065,52.083,lightskyblue
36,0.0,0,5.073464101615138,52.086,lightcyan
37,0.0,0,5.0751961524227065,52.089,lightcyan
38,0.0,0,5.073464101615138,52.092,lightcyan
39,0.0,0,5.0751961524227065,52.095,lightcyan
40,0.0,0,5.073464101615138,52.098,lightcyan
41,0.0,0,5.0751961524227065,52.101,lightcyan
42,0.0,0,5.073464101615138,52.104,lightcyan
43,0.0,0,5.0751961524227065,52.107,lightcyan
44,0.0,0,5.073464101615138,52.11,lightcyan
45,0.0,1,5.0751961524227065,52.113,lightcyan
46,0.0,0,5.073464101615138,52.116,lightcyan
47,0.0,0,5.0751961524227065,52.119,lightcyan
48,0.0,0,5.076928203230276,52.05,lightcyan
49,0.0,0,5.078660254037844,52.053,lightcyan
50,0.0,0,5.076928203230276,52.056,lightcyan
51,0.0,0,5.078660254037844,52.059,lightcyan
52,0.0,0,5.076928203230276,52.062,lightcyan
53,27.652777777777775,0,5.078660254037844,52.065,lightskyblue
54,133.84375921013853,1,5.076928203230276,52.068,lightskyblue
55,637.1458885941645,0,5.078660254037844,52.071,lightskyblue
56,165.48541114058355,1,5.076928203230276,52.074,lightskyblue
57,614.7375346214184,0,5.078660254037844,52.077,lightskyblue
58,3522.9397965879266,0,5.076928203230276,52.08,royalblue
59,587.1566327646544,0,5.078660254037844,52.083,lightskyblue
60,0.0,0,5.076928203230276,52.086,lightcyan
61,0.0,0,5.078660254037844,52.089,lightcyan
62,0.0,0,5.076928203230276,52.092,lightcyan
63,6.605749486652978,1,5.078660254037844,52.095,lightskyblue
64,0.0,0,5.076928203230276,52.098,lightcyan
65,0.0,0,5.078660254037844,52.101,lightcyan
66,0.0,0,5.076928203230276,52.104,lightcyan
67,0.0,0,5.078660254037844,52.107,lightcyan
68,0.0,0,5.076928203230276,52.11,lightcyan
69,0.0,0,5.078660254037844,52.113,lightcyan
70,0.0,0,5.076928203230276,52.116,lightcyan
71,0.0,0,5.078660254037844,52.119,lightcyan
72,0.0,0,5.080392304845414,52.05,lightcyan
73,0.0,0,5.082124355652982,52.053,lightcyan
74,0.0,0,5.080392304845414,52.056,lightcyan
75,0.0,0,5.082124355652982,52.059,lightcyan
76,0.0,0,5.080392304845414,52.062,lightcyan
77,249.68954984795832,0,5.082124355652982,52.065,lightskyblue
78,165.91666666666666,1,5.080392304845414,52.068,lightskyblue
79,181.51910643236076,1,5.082124355652982,52.071,lightskyblue
80,133.77188328912467,0,5.080392304845414,52.074,lightskyblue
81,0.0,0,5.082124355652982,52.077,lightcyan
82,587.1566327646544,0,5.080392304845414,52.08,lightskyblue
83,0.0,1,5.082124355652982,52.083,lightcyan
84,0.0,1,5.080392304845414,52.086,lightcyan
85,0.0,0,5.082124355652982,52.089,lightcyan
86,6.605749486652978,0,5.080392304845414,52.092,lightskyblue
87,39.634496919917865,0,5.082124355652982,52.095,lightskyblue
88,235.66651337554188,1,5.080392304845414,52.098,lightskyblue
89,229.0607638888889,0,5.082124355652982,52.101,lightskyblue
90,0.0,0,5.080392304845414,52.104,lightcyan
91,79.3767361111111,0,5.082124355652982,52.107,lightskyblue
92,0.0,1,5.080392304845414,52.11,lightcyan
93,0.0,0,5.082124355652982,52.113,lightcyan
94,0.0,0,5.080392304845414,52.116,lightcyan
95,0.0,0,5.082124355652982,52.119,lightcyan
96,0.0,0,5.083856406460551,52.05,lightcyan
97,0.0,0,5.08558845726812,52.053,lightcyan
98,0.0,0,5.083856406460551,52.056,lightcyan
99,0.0,0,5.08558845726812,52.059,lightcyan
100,174.36142484795832,1,5.083856406460551,52.062,lightskyblue
101,1046.1685490877499,0,5.08558845726812,52.065,deepskyblue
102,286.0520833333333,0,5.083856406460551,52.068,lightskyblue
103,47.67534722222222,0,5.08558845726812,52.071,lightskyblue
104,0.0,0,5.083856406460551,52.074,lightcyan
105,401.5538194444444,0,5.08558845726812,52.077,lightskyblue
106,401.5538194444444,2,5.083856406460551,52.08,lightskyblue
107,401.5538194444444,0,5.08558845726812,52.083,lightskyblue
108,0.0,1,5.083856406460551,52.086,lightcyan
109,0.0,0,5.08558845726812,52.089,lightcyan
110,34.3447011824392,1,5.083856406460551,52.092,lightskyblue
111,166.43371017471736,0,5.08558845726812,52.095,lightskyblue
112,1374.3645833333335,0,5.083856406460551,52.098,deepskyblue
113,229.0607638888889,0,5.08558845726812,52.101,lightskyblue
114,79.3767361111111,1,5.083856406460551,52.104,lightskyblue
115,476.26041666666663,0,5.08558845726812,52.107,lightskyblue
116,128.13715277777774,0,5.083856406460551,52.11,lightskyblue
117,48.76041666666666,0,5.08558845726812,52.113,lightskyblue
118,0.0,0,5.083856406460551,52.116,lightcyan
119,0.0,0,5.08558845726812,52.119,lightcyan
120,0.0,0,5.087320508075689,52.05,lightcyan
121,0.0,0,5.089052558883258,52.053,lightcyan
122,0.0,0,5.087320508075689,52.056,lightcyan
123,33.263888888888886,0,5.089052558883258,52.059,lightskyblue
124,506.8145498479583,0,5.087320508075689,52.062,lightskyblue
125,1795.1354166666667,2,5.089052558883258,52.065,deepskyblue
126,521.2260081812916,1,5.087320508075689,52.068,lightskyblue
127,0.0,0,5.089052558883258,52.071,lightcyan
128,0.0,0,5.087320508075689,52.074,lightcyan
129,1065.5416666666667,0,5.089052558883258,52.077,deepskyblue
130,2409.3229166666665,0,5.087320508075689,52.08,deepskyblue
131,1065.5416666666667,1,5.089052558883258,52.083,deepskyblue
132,0.0,1,5.087320508075689,52.086,lightcyan
133,0.0,1,5.089052558883258,52.089,lightcyan
134,73.297979473564,0,5.087320508075689,52.092,lightskyblue
135,273.35416666666663,0,5.089052558883258,52.095,lightskyblue
136,302.3587433624529,1,5.087320508075689,52.098,lightskyblue
137,0.0,0,5.089052558883258,52.101,lightcyan
138,99.15104166666667,0,5.087320508075689,52.104,lightskyblue
139,118.64583333333331,0,5.089052558883258,52.107,lightskyblue
140,292.56249999999994,0,5.087320508075689,52.11,lightskyblue
141,48.76041666666666,0,5.089052558883258,52.113,lightskyblue
142,0.0,0,5.087320508075689,52.116,lightcyan
143,0.0,0,5.089052558883258,52.119,lightcyan
144,0.0,0,5.090784609690827,52.05,lightcyan
145,0.0,0,5.092516660498395,52.053,lightcyan
146,0.0,0,5.090784609690827,52.056,lightcyan
147,188.925053093928,0,5.092516660498395,52.059,lightskyblue
148,199.58333333333331,0,5.090784609690827,52.062,lightskyblue
149,54.25543006081668,0,5.092516660498395,52.065,lightskyblue
150,308.2318077879139,0,5.090784609690827,52.068,lightskyblue
151,246.1128472222222,1,5.092516660498395,52.071,lightskyblue
152,246.1128472222222,0,5.090784609690827,52.074,lightskyblue
153,1007.5833333333334,1,5.092516660498395,52.077,deepskyblue
154,3983.9270833333335,0,5.090784609690827,52.08,darkblue
155,895.2528341900762,0,5.092516660498395,52.083,lightskyblue
156,0.0,0,5.090784609690827,52.086,lightcyan
157,0.0,0,5.092516660498395,52.089,lightcyan
158,76.46354166666666,0,5.090784609690827,52.092,lightskyblue
159,185.42708333333331,1,5.092516660498395,52.095,lightskyblue
160,76.46354166666666,0,5.090784609690827,52.098,lightskyblue
161,0.0,0,5.092516660498395,52.101,lightcyan
162,267.4928112028188,0,5.090784609690827,52.104,lightskyblue
163,1486.3110338835795,0,5.092516660498395,52.107,deepskyblue
164,316.25322786948544,0,5.090784609690827,52.11,lightskyblue
165,0.0,0,5.092516660498395,52.113,lightcyan
166,0.0,0,5.090784609690827,52.116,lightcyan
167,0.0,0,5.092516660498395,52.119,lightcyan
168,0.0,0,5.094248711305965,52.05,lightcyan
169,0.0,0,5.095980762113533,52.053,lightcyan
170,131.09643788010425,0,5.094248711305965,52.056,lightskyblue
171,786.5786272806255,0,5.095980762113533,52.059,lightskyblue
172,147.38835794960903,0,5.094248711305965,52.062,lightskyblue
173,33.60729800173762,0,5.095980762113533,52.065,lightskyblue
174,9.04257167680278,0,5.094248711305965,52.068,lightskyblue
175,297.7881944444444,0,5.095980762113533,52.071,lightskyblue
176,1476.6770833333333,0,5.094248711305965,52.074,deepskyblue
177,584.8958333333333,0,5.095980762113533,52.077,lightskyblue
178,992.7354730789651,1,5.094248711305965,52.08,deepskyblue
179,1387.5899218071243,0,5.095980762113533,52.083,deepskyblue
180,571.4185898132059,0,5.094248711305965,52.086,lightskyblue
181,507.16375079221183,0,5.095980762113533,52.089,lightskyblue
182,79.86625301932368,0,5.094248711305965,52.092,lightskyblue
183,150.6991304347826,1,5.095980762113533,52.095,lightskyblue
184,56.02103562801932,0,5.094248711305965,52.098,lightskyblue
185,111.61979166666667,0,5.095980762113533,52.101,lightskyblue
186,514.0066653996524,0,5.094248711305965,52.104,lightskyblue
187,1597.7289585143353,0,5.095980762113533,52.107,deepskyblue
188,876.6073598440968,0,5.094248711305965,52.11,lightskyblue
189,362.6006944444444,1,5.095980762113533,52.113,lightskyblue
190,0.0,0,5.094248711305965,52.116,lightcyan
191,0.0,0,5.095980762113533,52.119,lightcyan
192,0.0,0,5.0977128129211025,52.05,lightcyan
193,0.0,0,5.099444863728671,52.053,lightcyan
194,131.09643788010425,0,5.0977128129211025,52.056,lightskyblue
195,131.09643788010425,0,5.099444863728671,52.059,lightskyblue
196,155.66116420503909,0,5.0977128129211025,52.062,lightskyblue
197,47.56597222222223,1,5.099444863728671,52.065,lightskyblue
198,47.56597222222223,0,5.0977128129211025,52.068,lightskyblue
199,99.24131944444446,0,5.099444863728671,52.071,lightskyblue
200,310.05208333333337,0,5.0977128129211025,52.074,lightskyblue
201,360.9131944444444,0,5.099444863728671,52.077,lightskyblue
202,760.1295703011874,1,5.0977128129211025,52.08,lightskyblue
203,1317.7604166666667,0,5.099444863728671,52.083,deepskyblue
204,2040.9216170721113,1,5.0977128129211025,52.086,deepskyblue
205,858.9895833333333,0,5.099444863728671,52.089,lightskyblue
206,143.0713043478261,0,5.0977128129211025,52.092,lightskyblue
207,65.44264190821256,0,5.099444863728671,52.095,lightskyblue
208,136.7363134057971,0,5.0977128129211025,52.098,lightskyblue
209,669.71875,0,5.099444863728671,52.101,lightskyblue
210,377.9079514190559,0,5.0977128129211025,52.104,lightskyblue
211,698.3836458635002,0,5.099444863728671,52.107,lightskyblue
212,2175.6041666666665,0,5.0977128129211025,52.11,deepskyblue
213,432.0954861111111,0,5.099444863728671,52.113,lightskyblue
214,0.0,0,5.0977128129211025,52.116,lightcyan
215,0.0,0,5.099444863728671,52.119,lightcyan
216,0.0,0,5.10117691453624,52.05,lightcyan
217,0.0,0,5.102908965343809,52.053,lightcyan
218,0.0,0,5.10117691453624,52.056,lightcyan
219,472.734375,0,5.102908965343809,52.059,lightskyblue
220,0.0,1,5.10117691453624,52.062,lightcyan
221,838.8993055555557,0,5.102908965343809,52.065,lightskyblue
222,285.39583333333337,0,5.10117691453624,52.068,lightskyblue
223,206.28472222222226,0,5.102908965343809,52.071,lightskyblue
224,51.67534722222223,1,5.10117691453624,52.074,lightskyblue
225,211.75520833333334,0,5.102908965343809,52.077,lightskyblue
226,1270.53125,0,5.10117691453624,52.08,deepskyblue
227,631.8298611111112,1,5.102908965343809,52.083,lightskyblue
228,1202.6875,0,5.10117691453624,52.086,deepskyblue
229,818.5751520417027,2,5.102908965343809,52.089,lightskyblue
230,98.88541666666667,2,5.10117691453624,52.092,lightskyblue
231,627.9036993797663,1,5.102908965343809,52.095,lightskyblue
232,111.61979166666667,1,5.10117691453624,52.098,lightskyblue
233,111.61979166666667,0,5.102908965343809,52.101,lightskyblue
234,111.61979166666667,0,5.10117691453624,52.104,lightskyblue
235,69.49479166666667,1,5.102908965343809,52.107,lightskyblue
236,416.96875,1,5.10117691453624,52.11,lightskyblue
237,680.0190972222223,0,5.102908965343809,52.113,lightskyblue
238,0.0,0,5.10117691453624,52.116,lightcyan
239,0.0,0,5.102908965343809,52.119,lightcyan
240,0.0,0,5.104641016151378,52.05,lightcyan
241,0.0,0,5.106373066958946,52.053,lightcyan
242,472.734375,2,5.104641016151378,52.056,lightskyblue
243,2836.40625,1,5.106373066958946,52.059,royalblue
244,1648.5625,0,5.104641016151378,52.062,deepskyblue
245,4748.000000000001,0,5.106373066958946,52.065,darkblue
246,1127.8524305555557,1,5.104641016151378,52.068,deepskyblue
247,952.3125,0,5.106373066958946,52.071,deepskyblue
248,158.71875,0,5.104641016151378,52.074,lightskyblue
249,0.0,1,5.106373066958946,52.077,lightcyan
250,211.75520833333334,0,5.104641016151378,52.08,lightskyblue
251,42.65160729800173,1,5.106373066958946,52.083,lightskyblue
252,347.7389679264408,0,5.104641016151378,52.086,lightskyblue
253,758.7138478617627,1,5.106373066958946,52.089,lightskyblue
254,3668.5367796119313,0,5.104641016151378,52.092,royalblue
255,611.4227966019886,0,5.106373066958946,52.095,lightskyblue
256,0.0,0,5.104641016151378,52.098,lightcyan
257,99.17708333333333,0,5.106373066958946,52.101,lightskyblue
258,0.0,0,5.104641016151378,52.104,lightcyan
259,0.0,0,5.106373066958946,52.107,lightcyan
260,680.0190972222223,0,5.104641016151378,52.11,lightskyblue
261,3663.1458333333335,0,5.106373066958946,52.113,royalblue
262,642.0017361111112,0,5.104641016151378,52.116,lightskyblue
263,47.21614583333333,0,5.106373066958946,52.119,lightskyblue
264,0.0,0,5.108105117766516,52.05,lightcyan
265,0.0,0,5.109837168574084,52.053,lightcyan
266,472.734375,1,5.108105117766516,52.056,lightskyblue
267,857.2291666666666,0,5.109837168574084,52.059,lightskyblue
268,2306.96875,0,5.108105117766516,52.062,deepskyblue
269,1413.3645833333333,1,5.109837168574084,52.065,deepskyblue
270,781.40625,0,5.108105117766516,52.068,lightskyblue
271,396.2552083333333,1,5.109837168574084,52.071,lightskyblue
272,158.71875,0,5.108105117766516,52.074,lightskyblue
273,119.796875,0,5.109837168574084,52.077,lightskyblue
274,31.7897480451781,0,5.108105117766516,52.08,lightskyblue
275,190.7384882710686,1,5.109837168574084,52.083,lightskyblue
276,65.1711555169418,0,5.108105117766516,52.086,lightskyblue
277,53.82066932147351,0,5.109837168574084,52.089,lightskyblue
278,611.4227966019886,2,5.108105117766516,52.092,lightskyblue
279,1057.5269600872205,1,5.109837168574084,52.095,deepskyblue
280,1156.7040434205537,0,5.108105117766516,52.098,deepskyblue
281,595.0625,0,5.109837168574084,52.101,lightskyblue
282,99.17708333333333,0,5.108105117766516,52.104,lightskyblue
283,283.6128472222222,1,5.109837168574084,52.107,lightskyblue
284,702.6006944444445,0,5.108105117766516,52.11,lightskyblue
285,831.6319444444443,1,5.109837168574084,52.113,lightskyblue
286,188.86458333333331,0,5.108105117766516,52.116,lightskyblue
287,707.0238515421373,0,5.109837168574084,52.119,lightskyblue
288,0.0,0,5.1115692193816535,52.05,lightcyan
289,0.0,0,5.113301270189222,52.053,lightcyan
290,0.0,0,5.1115692193816535,52.056,lightcyan
291,0.0,0,5.113301270189222,52.059,lightcyan
292,384.4947916666667,0,5.1115692193816535,52.062,lightskyblue
293,599.4027777777777,0,5.113301270189222,52.065,lightskyblue
294,643.8125,0,5.1115692193816535,52.068,lightskyblue
295,599.4027777777777,0,5.113301270189222,52.071,lightskyblue
296,119.796875,0,5.1115692193816535,52.074,lightskyblue
297,718.78125,0,5.113301270189222,52.077,lightskyblue
298,172.56058137851142,0,5.1115692193816535,52.08,lightskyblue
299,52.763706378511436,0,5.113301270189222,52.083,lightskyblue
300,85.61041736665162,0,5.1115692193816535,52.086,lightskyblue
301,257.7528604118993,2,5.113301270189222,52.089,lightskyblue
302,42.95881006864988,4,5.1115692193816535,52.092,lightskyblue
303,1140.7682795316648,1,5.113301270189222,52.095,deepskyblue
304,6345.161760523322,0,5.1115692193816535,52.098,darkblue
305,540.2916666666667,1,5.113301270189222,52.101,lightskyblue
306,476.98090277777777,0,5.1115692193816535,52.104,lightskyblue
307,1149.2187499999998,0,5.113301270189222,52.107,deepskyblue
308,552.4583333333333,0,5.1115692193816535,52.11,lightskyblue
309,201.10069444444443,0,5.113301270189222,52.113,lightskyblue
310,585.3229166666665,0,5.1115692193816535,52.116,lightskyblue
311,2053.9079061685493,0,5.113301270189222,52.119,deepskyblue
312,0.0,0,5.115033320996791,52.05,lightcyan
313,0.0,0,5.11676537180436,52.053,lightcyan
314,0.0,0,5.115033320996791,52.056,lightcyan
315,0.0,0,5.11676537180436,52.059,lightcyan
316,0.0,0,5.115033320996791,52.062,lightcyan
317,693.296875,0,5.11676537180436,52.065,lightskyblue
318,2952.6041666666665,0,5.115033320996791,52.068,royalblue
319,626.5798611111111,0,5.11676537180436,52.071,lightskyblue
320,252.7482638888889,1,5.115033320996791,52.074,lightskyblue
321,797.7083333333334,0,5.11676537180436,52.077,lightskyblue
322,125.84375,0,5.115033320996791,52.08,lightskyblue
323,195.8142361111111,0,5.11676537180436,52.083,lightskyblue
324,107.450199276457,0,5.115033320996791,52.086,lightskyblue
325,386.9483352468427,1,5.11676537180436,52.089,lightskyblue
326,107.450199276457,0,5.115033320996791,52.092,lightskyblue
327,83.24131944444444,0,5.11676537180436,52.095,lightskyblue
328,499.44791666666663,0,5.115033320996791,52.098,lightskyblue
329,269.50868055555554,0,5.11676537180436,52.101,lightskyblue
330,577.3125,1,5.115033320996791,52.104,lightskyblue
331,2547.9375000000005,0,5.11676537180436,52.107,royalblue
332,68.82291666666667,0,5.115033320996791,52.11,lightskyblue
333,11.470486111111112,0,5.11676537180436,52.113,lightskyblue
334,439.8718038058693,1,5.115033320996791,52.116,lightskyblue
335,513.4769765421373,0,5.11676537180436,52.119,lightskyblue
336,0.0,0,5.118497422611929,52.05,lightcyan
337,0.0,0,5.1202294734194975,52.053,lightcyan
338,0.0,0,5.118497422611929,52.056,lightcyan
339,0.0,0,5.1202294734194975,52.059,lightcyan
340,66.71701388888889,1,5.118497422611929,52.062,lightskyblue
341,400.3020833333333,0,5.1202294734194975,52.065,lightskyblue
342,806.875,1,5.118497422611929,52.068,lightskyblue
343,134.47916666666666,0,5.1202294734194975,52.071,lightskyblue
344,132.95138888888889,0,5.118497422611929,52.074,lightskyblue
345,555.9791666666666,0,5.1202294734194975,52.077,lightskyblue
346,731.3385416666666,0,5.118497422611929,52.08,lightskyblue
347,1049.0416666666665,0,5.1202294734194975,52.083,deepskyblue
348,239.3316669855849,2,5.118497422611929,52.086,lightskyblue
349,64.49138920780712,0,5.1202294734194975,52.089,lightskyblue
350,64.49138920780712,1,5.118497422611929,52.092,lightskyblue
351,0.0,2,5.1202294734194975,52.095,lightcyan
352,83.24131944444444,1,5.118497422611929,52.098,lightskyblue
353,136.88715277777777,0,5.1202294734194975,52.101,lightskyblue
354,1028.217013888889,0,5.118497422611929,52.104,deepskyblue
355,2222.7291666666665,0,5.1202294734194975,52.107,deepskyblue
356,806.5815972222223,0,5.118497422611929,52.11,lightskyblue
357,0.0,0,5.1202294734194975,52.113,lightcyan
358,0.0,0,5.118497422611929,52.116,lightcyan
359,0.0,0,5.1202294734194975,52.119,lightcyan
360,0.0,0,5.121961524227067,52.05,lightcyan
361,0.0,0,5.123693575034635,52.053,lightcyan
362,0.0,0,5.121961524227067,52.056,lightcyan
363,0.0,0,5.123693575034635,52.059,lightcyan
364,208.96354166666666,0,5.121961524227067,52.062,lightskyblue
365,853.4791666666666,0,5.123693575034635,52.065,lightskyblue
366,343.4427083333333,0,5.121961524227067,52.068,lightskyblue
367,0.0,0,5.123693575034635,52.071,lightcyan
368,20.454861111111114,1,5.121961524227067,52.074,lightskyblue
369,122.72916666666669,1,5.123693575034635,52.077,lightskyblue
370,2415.4375,1,5.121961524227067,52.08,deepskyblue
371,711.9045138888888,0,5.123693575034635,52.083,lightskyblue
372,174.84027777777774,1,5.121961524227067,52.086,lightskyblue
373,0.0,1,5.123693575034635,52.089,lightcyan
374,0.0,1,5.121961524227067,52.092,lightcyan
375,79.95312499999999,0,5.123693575034635,52.095,lightskyblue
376,0.0,0,5.121961524227067,52.098,lightcyan
377,532.4149305555555,0,5.123693575034635,52.101,lightskyblue
378,821.3229166666666,2,5.121961524227067,52.104,lightskyblue
379,902.8697916666666,0,5.123693575034635,52.107,lightskyblue
380,370.4548611111111,0,5.121961524227067,52.11,lightskyblue
381,0.0,1,5.123693575034635,52.113,lightcyan
382,0.0,0,5.121961524227067,52.116,lightcyan
383,1229.5182291666667,0,5.123693575034635,52.119,deepskyblue
384,0.0,0,5.125425625842205,52.05,lightcyan
385,0.0,0,5.127157676649773,52.053,lightcyan
386,0.0,0,5.125425625842205,52.056,lightcyan
387,0.0,0,5.127157676649773,52.059,lightcyan
388,142.24652777777777,0,5.125425625842205,52.062,lightskyblue
389,142.24652777777777,0,5.127157676649773,52.065,lightskyblue
390,142.24652777777777,0,5.125425625842205,52.068,lightskyblue
391,0.0,0,5.127157676649773,52.071,lightcyan
392,20.454861111111114,0,5.125425625842205,52.074,lightskyblue
393,246.41666666666666,0,5.127157676649773,52.077,lightskyblue
394,806.9479166666667,0,5.125425625842205,52.08,lightskyblue
395,225.96180555555557,0,5.127157676649773,52.083,lightskyblue
396,0.0,0,5.125425625842205,52.086,lightcyan
397,42.84722222222222,0,5.127157676649773,52.089,lightskyblue
398,122.80034722222221,0,5.125425625842205,52.092,lightskyblue
399,479.71874999999994,1,5.127157676649773,52.095,lightskyblue
400,79.95312499999999,1,5.125425625842205,52.098,lightskyblue
401,756.1215277777778,0,5.127157676649773,52.101,lightskyblue
402,2373.166666666667,1,5.125425625842205,52.104,deepskyblue
403,756.1215277777778,0,5.127157676649773,52.107,lightskyblue
404,0.0,0,5.125425625842205,52.11,lightcyan
405,0.0,0,5.127157676649773,52.113,lightcyan
406,819.6788194444445,0,5.125425625842205,52.116,lightskyblue
407,4918.072916666667,0,5.127157676649773,52.119,darkblue
408,0.0,0,5.128889727457342,52.05,lightcyan
409,0.0,0,5.130621778264911,52.053,lightcyan
410,0.0,0,5.128889727457342,52.056,lightcyan
411,0.0,0,5.130621778264911,52.059,lightcyan
412,0.0,0,5.128889727457342,52.062,lightcyan
413,0.0,1,5.130621778264911,52.065,lightcyan
414,0.0,0,5.128889727457342,52.068,lightcyan
415,0.0,0,5.130621778264911,52.071,lightcyan
416,0.0,0,5.128889727457342,52.074,lightcyan
417,189.63541666666666,0,5.130621778264911,52.077,lightskyblue
418,548.8229166666666,0,5.128889727457342,52.08,lightskyblue
419,189.63541666666666,1,5.130621778264911,52.083,lightskyblue
420,0.0,2,5.128889727457342,52.086,lightcyan
421,113.24826388888887,1,5.130621778264911,52.089,lightskyblue
422,257.0833333333333,2,5.128889727457342,52.092,lightskyblue
423,486.625,1,5.130621778264911,52.095,lightskyblue
424,161.05729166666666,1,5.128889727457342,52.098,lightskyblue
425,516.7413194444445,0,5.130621778264911,52.101,lightskyblue
426,2163.5625,0,5.128889727457342,52.104,deepskyblue
427,516.7413194444445,0,5.130621778264911,52.107,lightskyblue
428,0.0,0,5.128889727457342,52.11,lightcyan
429,391.30668983492615,0,5.130621778264911,52.113,lightskyblue
430,1210.9855092793707,0,5.128889727457342,52.116,deepskyblue
431,2114.8205749529398,0,5.130621778264911,52.119,deepskyblue
432,0.0,0,5.13235382907248,52.05,lightcyan
433,0.0,0,5.134085879880049,52.053,lightcyan
434,0.0,0,5.13235382907248,52.056,lightcyan
435,0.0,0,5.134085879880049,52.059,lightcyan
436,0.0,1,5.13235382907248,52.062,lightcyan
437,0.0,0,5.134085879880049,52.065,lightcyan
438,0.0,0,5.13235382907248,52.068,lightcyan
439,0.0,0,5.134085879880049,52.071,lightcyan
440,0.0,1,5.13235382907248,52.074,lightcyan
441,318.8524305555555,0,5.134085879880049,52.077,lightskyblue
442,588.9895833333333,0,5.13235382907248,52.08,lightskyblue
443,318.8524305555555,0,5.134085879880049,52.083,lightskyblue
444,0.0,1,5.13235382907248,52.086,lightcyan
445,119.93709727048945,2,5.134085879880049,52.089,lightskyblue
446,422.40625,1,5.13235382907248,52.092,lightskyblue
447,257.5833333333333,0,5.134085879880049,52.095,lightskyblue
448,124.03472222222221,0,5.13235382907248,52.098,lightskyblue
449,620.4704861111111,0,5.134085879880049,52.101,lightskyblue
450,936.8854166666666,0,5.13235382907248,52.104,lightskyblue
451,620.4704861111111,0,5.134085879880049,52.107,lightskyblue
452,0.0,1,5.13235382907248,52.11,lightcyan
453,689.4523587580848,1,5.134085879880049,52.113,lightskyblue
454,2347.840139009557,1,5.13235382907248,52.116,deepskyblue
455,1193.3692441355342,0,5.134085879880049,52.119,deepskyblue
456,0.0,0,5.135817930687618,52.05,lightcyan
457,0.0,0,5.137549981495186,52.053,lightcyan
458,0.0,0,5.135817930687618,52.056,lightcyan
459,0.0,0,5.137549981495186,52.059,lightcyan
460,0.0,0,5.135817930687618,52.062,lightcyan
461,0.0,0,5.137549981495186,52.065,lightcyan
462,0.0,0,5.135817930687618,52.068,lightcyan
463,0.0,0,5.137549981495186,52.071,lightcyan
464,0.0,0,5.135817930687618,52.074,lightcyan
465,360.59201388888886,0,5.137549981495186,52.077,lightskyblue
466,1324.1249999999998,0,5.135817930687618,52.08,deepskyblue
467,360.59201388888886,0,5.137549981495186,52.083,lightskyblue
468,49.53605560382277,4,5.135817930687618,52.086,lightskyblue
469,297.2163336229366,4,5.137549981495186,52.089,lightskyblue
470,162.86765282604497,1,5.135817930687618,52.092,lightskyblue
471,236.6684027777778,6,5.137549981495186,52.095,lightskyblue
472,42.93055555555555,0,5.135817930687618,52.098,lightskyblue
473,577.9809027777777,0,5.137549981495186,52.101,lightskyblue
474,2785.9375,0,5.135817930687618,52.104,royalblue
475,464.3229166666667,0,5.137549981495186,52.107,lightskyblue
476,0.0,0,5.135817930687618,52.11,lightcyan
477,298.14566892315867,0,5.137549981495186,52.113,lightskyblue
478,1788.8740135389519,0,5.135817930687618,52.116,deepskyblue
479,745.5608144186215,0,5.137549981495186,52.119,lightskyblue
480,0.0,0,5.139282032302756,52.05,lightcyan
481,0.0,0,5.141014083110324,52.053,lightcyan
482,0.0,0,5.139282032302756,52.056,lightcyan
483,0.0,0,5.141014083110324,52.059,lightcyan
484,0.0,0,5.139282032302756,52.062,lightcyan
485,0.0,1,5.141014083110324,52.065,lightcyan
486,0.0,0,5.139282032302756,52.068,lightcyan
487,0.0,0,5.141014083110324,52.071,lightcyan
488,0.0,0,5.139282032302756,52.074,lightcyan
489,432.3350694444444,0,5.141014083110324,52.077,lightskyblue
490,839.4270833333333,0,5.139282032302756,52.08,lightskyblue
491,425.09375,0,5.141014083110324,52.083,lightskyblue
492,49.53605560382277,2,5.139282032302756,52.086,lightskyblue
493,49.53605560382277,1,5.141014083110324,52.089,lightskyblue
494,243.27390282604503,4,5.139282032302756,52.092,lightskyblue
495,1162.4270833333335,0,5.141014083110324,52.095,deepskyblue
496,437.56423611111114,0,5.139282032302756,52.098,lightskyblue
497,681.9479166666665,0,5.141014083110324,52.101,lightskyblue
498,654.8940972222222,0,5.139282032302756,52.104,lightskyblue
499,76.91319444444446,0,5.141014083110324,52.107,lightskyblue
500,0.0,0,5.139282032302756,52.11,lightcyan
501,0.0,0,5.141014083110324,52.113,lightcyan
502,298.14566892315867,0,5.139282032302756,52.116,lightskyblue
503,0.0,0,5.141014083110324,52.119,lightcyan
504,0.0,0,5.1427461339178935,52.05,lightcyan
505,0.0,0,5.144478184725462,52.053,lightcyan
506,0.0,0,5.1427461339178935,52.056,lightcyan
507,0.0,0,5.144478184725462,52.059,lightcyan
508,0.0,0,5.1427461339178935,52.062,lightcyan
509,0.0,0,5.144478184725462,52.065,lightcyan
510,0.0,0,5.1427461339178935,52.068,lightcyan
511,0.0,0,5.144478184725462,52.071,lightcyan
512,7.2413194444444455,0,5.1427461339178935,52.074,lightskyblue
513,43.44791666666667,0,5.144478184725462,52.077,lightskyblue
514,1711.1354166666665,0,5.1427461339178935,52.08,deepskyblue
515,285.1892361111111,1,5.144478184725462,52.083,lightskyblue
516,0.0,3,5.1427461339178935,52.086,lightcyan
517,890.7309254606365,3,5.144478184725462,52.089,lightskyblue
518,1518.302106016192,4,5.1427461339178935,52.092,deepskyblue
519,5392.979166666667,0,5.144478184725462,52.095,darkblue
520,781.0104166666667,1,5.1427461339178935,52.098,lightskyblue
521,1875.2708333333333,0,5.144478184725462,52.101,deepskyblue
522,461.47916666666674,0,5.1427461339178935,52.104,lightskyblue
523,76.91319444444446,0,5.144478184725462,52.107,lightskyblue
524,0.0,0,5.1427461339178935,52.11,lightcyan
525,0.0,0,5.144478184725462,52.113,lightcyan
526,0.0,0,5.1427461339178935,52.116,lightcyan
527,0.0,0,5.144478184725462,52.119,lightcyan
528,0.0,0,5.146210235533031,52.05,lightcyan
529,0.0,0,5.1479422863406,52.053,lightcyan
530,0.0,0,5.146210235533031,52.056,lightcyan
531,0.0,0,5.1479422863406,52.059,lightcyan
532,0.0,0,5.146210235533031,52.062,lightcyan
533,0.0,0,5.1479422863406,52.065,lightcyan
534,0.0,0,5.146210235533031,52.068,lightcyan
535,0.0,0,5.1479422863406,52.071,lightcyan
536,7.2413194444444455,0,5.146210235533031,52.074,lightskyblue
537,7.2413194444444455,1,5.1479422863406,52.077,lightskyblue
538,292.43055555555554,0,5.146210235533031,52.08,lightskyblue
539,0.0,0,5.1479422863406,52.083,lightcyan
540,464.99652777777777,0,5.146210235533031,52.086,lightskyblue
541,2789.9791666666665,1,5.1479422863406,52.089,royalblue
542,2554.4063860971523,0,5.146210235533031,52.092,royalblue
543,1592.0087032384142,0,5.1479422863406,52.095,deepskyblue
544,1341.5434027777778,1,5.146210235533031,52.098,deepskyblue
545,312.54513888888886,0,5.1479422863406,52.101,lightskyblue
546,389.4583333333333,0,5.146210235533031,52.104,lightskyblue
547,0.0,0,5.1479422863406,52.107,lightcyan
548,0.0,1,5.146210235533031,52.11,lightcyan
549,0.0,0,5.1479422863406,52.113,lightcyan
550,0.0,0,5.146210235533031,52.116,lightcyan
551,0.0,0,5.1479422863406,52.119,lightcyan
552,0.0,0,5.149674337148169,52.05,lightcyan
553,0.0,0,5.1514063879557375,52.053,lightcyan
554,0.0,0,5.149674337148169,52.056,lightcyan
555,0.0,0,5.1514063879557375,52.059,lightcyan
556,0.0,0,5.149674337148169,52.062,lightcyan
557,0.0,0,5.1514063879557375,52.065,lightcyan
558,0.0,0,5.149674337148169,52.068,lightcyan
559,0.0,0,5.1514063879557375,52.071,lightcyan
560,0.0,0,5.149674337148169,52.074,lightcyan
561,0.0,1,5.1514063879557375,52.077,lightcyan
562,0.0,0,5.149674337148169,52.08,lightcyan
563,0.0,0,5.1514063879557375,52.083,lightcyan
564,464.99652777777777,0,5.149674337148169,52.086,lightskyblue
565,827.0347222222222,0,5.1514063879557375,52.089,lightskyblue
566,1604.6666666666667,1,5.149674337148169,52.092,deepskyblue
567,362.0381944444445,0,5.1514063879557375,52.095,lightskyblue
568,0.0,0,5.149674337148169,52.098,lightcyan
569,576.6979166666666,0,5.1514063879557375,52.101,lightskyblue
570,576.6979166666666,0,5.149674337148169,52.104,lightskyblue
571,576.6979166666666,0,5.1514063879557375,52.107,lightskyblue
572,0.0,0,5.149674337148169,52.11,lightcyan
573,0.0,0,5.1514063879557375,52.113,lightcyan
574,0.0,0,5.149674337148169,52.116,lightcyan
575,0.0,0,5.1514063879557375,52.119,lightcyan
576,0.0,0,5.153138438763307,52.05,lightcyan
577,0.0,0,5.154870489570875,52.053,lightcyan
578,0.0,0,5.153138438763307,52.056,lightcyan
579,0.0,0,5.154870489570875,52.059,lightcyan
580,0.0,0,5.153138438763307,52.062,lightcyan
581,0.0,0,5.154870489570875,52.065,lightcyan
582,0.0,0,5.153138438763307,52.068,lightcyan
583,0.0,0,5.154870489570875,52.071,lightcyan
584,0.0,0,5.153138438763307,52.074,lightcyan
585,0.0,0,5.154870489570875,52.077,lightcyan
586,0.0,0,5.153138438763307,52.08,lightcyan
587,0.0,1,5.154870489570875,52.083,lightcyan
588,0.0,0,5.153138438763307,52.086,lightcyan
589,94.59375,0,5.154870489570875,52.089,lightskyblue
590,567.5625,1,5.153138438763307,52.092,lightskyblue
591,94.59375,1,5.154870489570875,52.095,lightskyblue
592,0.0,0,5.153138438763307,52.098,lightcyan
593,576.6979166666666,0,5.154870489570875,52.101,lightskyblue
594,3460.1875,0,5.153138438763307,52.104,royalblue
595,576.6979166666666,0,5.154870489570875,52.107,lightskyblue
596,0.0,0,5.153138438763307,52.11,lightcyan
597,0.0,0,5.154870489570875,52.113,lightcyan
598,0.0,0,5.153138438763307,52.116,lightcyan
599,0.0,0,5.154870489570875,52.119,lightcyan
600,0.0,0,5.156602540378445,52.05,lightcyan
601,0.0,0,5.158334591186013,52.053,lightcyan
602,0.0,0,5.156602540378445,52.056,lightcyan
603,0.0,0,5.158334591186013,52.059,lightcyan
604,0.0,0,5.156602540378445,52.062,lightcyan
605,0.0,0,5.158334591186013,52.065,lightcyan
606,0.0,0,5.156602540378445,52.068,lightcyan
607,0.0,0,5.158334591186013,52.071,lightcyan
608,0.0,0,5.156602540378445,52.074,lightcyan
609,0.0,0,5.158334591186013,52.077,lightcyan
610,0.0,0,5.156602540378445,52.08,lightcyan
611,0.0,0,5.158334591186013,52.083,lightcyan
612,0.0,0,5.156602540378445,52.086,lightcyan
613,0.0,0,5.158334591186013,52.089,lightcyan
614,113.5125,0,5.156602540378445,52.092,lightskyblue
615,0.0,0,5.158334591186013,52.095,lightcyan
616,0.0,0,5.156602540378445,52.098,lightcyan
617,0.0,0,5.158334591186013,52.101,lightcyan
618,692.0375,0,5.156602540378445,52.104,lightskyblue
619,0.0,0,5.158334591186013,52.107,lightcyan
620,0.0,0,5.156602540378445,52.11,lightcyan
621,0.0,0,5.158334591186013,52.113,lightcyan
622,0.0,0,5.156602540378445,52.116,lightcyan
623,0.0,0,5.158334591186013,52.119,lightcyan
